{"initial_reset_timestamp": 1641889454.0298684, "timestamps": [1641889545.6162484], "episode_lengths": [200], "episode_rewards": [-161.24906627921004], "episode_types": ["t"]}