{"initial_reset_timestamp": 1641889217.417533, "timestamps": [1641889526.4990358], "episode_lengths": [500], "episode_rewards": [-63.7399337038128], "episode_types": ["t"]}