{"initial_reset_timestamp": 1641889442.754932, "timestamps": [1641889536.078296], "episode_lengths": [200], "episode_rewards": [24.784006516363906], "episode_types": ["t"]}